seed,alpha,beta,supply_ratio,num_tasks,num_volunteers,total_demand,completed_tasks,completed_urgency,completion_rate,urgency_weighted_completion,total_distance_km,distance_per_completed_task,distance_per_completed_urgency
0,0.5,1.0,1.0,10,20,20,5,24,0.5,0.631578947368421,5.2491520604015145,1.0498304120803028,0.21871466918339644
0,1.0,1.0,1.0,10,20,20,7,31,0.7,0.8157894736842105,9.49197654508699,1.3559966492981415,0.30619279177699965
0,2.0,1.0,1.0,10,20,20,8,35,0.8,0.9210526315789473,14.131839391681169,1.766479923960146,0.4037668397623191
0,5.0,1.0,1.0,10,20,20,10,38,1.0,1.0,22.4476816594389,2.24476816594389,0.5907284647220763
0,10.0,1.0,1.0,10,20,20,10,38,1.0,1.0,22.4476816594389,2.24476816594389,0.5907284647220763
0,20.0,1.0,1.0,10,20,20,10,38,1.0,1.0,22.4476816594389,2.24476816594389,0.5907284647220763
0,50.0,1.0,1.0,10,20,20,10,38,1.0,1.0,22.4476816594389,2.24476816594389,0.5907284647220763
1,0.5,1.0,1.0,10,19,19,5,22,0.5,0.6470588235294118,2.887970409067845,0.577594081813569,0.1312713822303566
1,1.0,1.0,1.0,10,19,19,7,28,0.7,0.8235294117647058,8.435732640275186,1.205104662896455,0.30127616572411375
1,2.0,1.0,1.0,10,19,19,9,33,0.9,0.9705882352941176,14.565027973985977,1.6183364415539974,0.44136448406018114
1,5.0,1.0,1.0,10,19,19,10,34,1.0,1.0,17.564979974057177,1.7564979974057178,0.5166170580605052
1,10.0,1.0,1.0,10,19,19,10,34,1.0,1.0,17.564979974057177,1.7564979974057178,0.5166170580605052
1,20.0,1.0,1.0,10,19,19,10,34,1.0,1.0,17.564979974057177,1.7564979974057178,0.5166170580605052
1,50.0,1.0,1.0,10,19,19,10,34,1.0,1.0,17.564979974057177,1.7564979974057178,0.5166170580605052
2,0.5,1.0,1.0,10,24,24,4,18,0.4,0.5454545454545454,3.8413653616674246,0.9603413404168561,0.21340918675930137
2,1.0,1.0,1.0,10,24,24,6,25,0.6,0.7575757575757576,9.27526536675103,1.5458775611251718,0.3710106146700412
2,2.0,1.0,1.0,10,24,24,8,31,0.8,0.9393939393939394,16.552260619489914,2.0690325774362393,0.5339438909512876
2,5.0,1.0,1.0,10,24,24,10,33,1.0,1.0,23.083354990647543,2.3083354990647544,0.6994956057771983
2,10.0,1.0,1.0,10,24,24,10,33,1.0,1.0,23.083354990647543,2.3083354990647544,0.6994956057771983
2,20.0,1.0,1.0,10,24,24,10,33,1.0,1.0,23.083354990647543,2.3083354990647544,0.6994956057771983
2,50.0,1.0,1.0,10,24,24,10,33,1.0,1.0,23.083354990647543,2.3083354990647544,0.6994956057771983
3,0.5,1.0,1.0,10,19,19,6,24,0.6,0.7058823529411765,6.819398651993341,1.1365664419988901,0.28414161049972253
3,1.0,1.0,1.0,10,19,19,7,27,0.7,0.7941176470588235,8.929406505747833,1.275629500821119,0.33071875947214197
3,2.0,1.0,1.0,10,19,19,9,33,0.9,0.9705882352941176,16.288524878939636,1.8098360976599597,0.4935916629981708
3,5.0,1.0,1.0,10,19,19,10,34,1.0,1.0,20.848932158305647,2.0848932158305646,0.6132038870089896
3,10.0,1.0,1.0,10,19,19,10,34,1.0,1.0,20.848932158305647,2.0848932158305646,0.6132038870089896
3,20.0,1.0,1.0,10,19,19,10,34,1.0,1.0,20.848932158305647,2.0848932158305646,0.6132038870089896
3,50.0,1.0,1.0,10,19,19,10,34,1.0,1.0,20.848932158305647,2.0848932158305646,0.6132038870089896
4,0.5,1.0,1.0,10,16,16,4,17,0.4,0.5666666666666667,5.4182042320469685,1.3545510580117421,0.31871789600276285
4,1.0,1.0,1.0,10,16,16,7,27,0.7,0.9,12.12065480457341,1.7315221149390587,0.4489131409101263
4,2.0,1.0,1.0,10,16,16,7,27,0.7,0.9,12.12065480457341,1.7315221149390587,0.4489131409101263
4,5.0,1.0,1.0,10,16,16,8,28,0.8,0.9333333333333333,15.030372811592375,1.878796601449047,0.536799028985442
4,10.0,1.0,1.0,10,16,16,8,28,0.8,0.9333333333333333,15.030372811592375,1.878796601449047,0.536799028985442
4,20.0,1.0,1.0,10,16,16,8,28,0.8,0.9333333333333333,15.030372811592375,1.878796601449047,0.536799028985442
4,50.0,1.0,1.0,10,16,16,8,28,0.8,0.9333333333333333,15.030372811592375,1.878796601449047,0.536799028985442
5,0.5,1.0,1.0,10,14,14,4,12,0.4,0.5217391304347826,2.4328809945544214,0.6082202486386054,0.20274008287953513
5,1.0,1.0,1.0,10,14,14,5,16,0.5,0.6956521739130435,5.553072096049977,1.1106144192099954,0.34706700600312357
5,2.0,1.0,1.0,10,14,14,7,19,0.7,0.8260869565217391,8.990906383335107,1.284415197619301,0.47320559912290033
5,5.0,1.0,1.0,10,14,14,9,22,0.9,0.9565217391304348,17.43734335721149,1.937482595245721,0.7926065162368858
5,10.0,1.0,1.0,10,14,14,10,23,1.0,1.0,24.511985361946863,2.451198536194686,1.0657384939976897
5,20.0,1.0,1.0,10,14,14,10,23,1.0,1.0,24.511985361946863,2.451198536194686,1.0657384939976897
5,50.0,1.0,1.0,10,14,14,10,23,1.0,1.0,24.511985361946863,2.451198536194686,1.0657384939976897
6,0.5,1.0,1.0,10,18,18,6,25,0.6,0.78125,7.031102752064293,1.1718504586773821,0.2812441100825717
6,1.0,1.0,1.0,10,18,18,8,29,0.8,0.90625,9.965025792674911,1.245628224084364,0.3436215790577556
6,2.0,1.0,1.0,10,18,18,9,30,0.9,0.9375,11.699363478546017,1.299929275394002,0.38997878261820057
6,5.0,1.0,1.0,10,18,18,10,32,1.0,1.0,18.988717595559557,1.8988717595559557,0.5933974248612361
6,10.0,1.0,1.0,10,18,18,10,32,1.0,1.0,18.988717595559557,1.8988717595559557,0.5933974248612361
6,20.0,1.0,1.0,10,18,18,10,32,1.0,1.0,18.988717595559557,1.8988717595559557,0.5933974248612361
6,50.0,1.0,1.0,10,18,18,10,32,1.0,1.0,18.988717595559557,1.8988717595559557,0.5933974248612361
7,0.5,1.0,1.0,10,16,16,4,13,0.4,0.5909090909090909,4.166634021811938,1.0416585054529846,0.32051030937014907
7,1.0,1.0,1.0,10,16,16,6,17,0.6,0.7727272727272727,7.3680988786190955,1.2280164797698492,0.4334175810952409
7,2.0,1.0,1.0,10,16,16,7,19,0.7,0.8636363636363636,9.844208146907771,1.406315449558253,0.5181162182583038
7,5.0,1.0,1.0,10,16,16,8,20,0.8,0.9090909090909091,12.81341195627415,1.6016764945342687,0.6406705978137075
7,10.0,1.0,1.0,10,16,16,10,22,1.0,1.0,25.81168101893971,2.581168101893971,1.173258228133623
7,20.0,1.0,1.0,10,16,16,10,22,1.0,1.0,25.81168101893971,2.581168101893971,1.173258228133623
7,50.0,1.0,1.0,10,16,16,10,22,1.0,1.0,25.81168101893971,2.581168101893971,1.173258228133623
8,0.5,1.0,1.0,10,24,24,5,19,0.5,0.6785714285714286,5.665514349797047,1.1331028699594095,0.29818496577879194
8,1.0,1.0,1.0,10,24,24,6,22,0.6,0.7857142857142857,8.597586676438791,1.4329311127397986,0.3907993943835814
8,2.0,1.0,1.0,10,24,24,9,27,0.9,0.9642857142857143,16.509411903853238,1.8343791004281376,0.6114597001427126
8,5.0,1.0,1.0,10,24,24,10,28,1.0,1.0,20.8095148040632,2.08095148040632,0.7431969572879714
8,10.0,1.0,1.0,10,24,24,10,28,1.0,1.0,20.8095148040632,2.08095148040632,0.7431969572879714
8,20.0,1.0,1.0,10,24,24,10,28,1.0,1.0,20.8095148040632,2.08095148040632,0.7431969572879714
8,50.0,1.0,1.0,10,24,24,10,28,1.0,1.0,20.8095148040632,2.08095148040632,0.7431969572879714
9,0.5,1.0,1.0,10,23,23,2,5,0.2,0.25,1.4622418325991586,0.7311209162995793,0.29244836651983175
9,1.0,1.0,1.0,10,23,23,5,14,0.5,0.7,7.683239417907973,1.5366478835815944,0.5488028155648552
9,2.0,1.0,1.0,10,23,23,8,18,0.8,0.9,12.868189854222624,1.608523731777828,0.7148994363457013
9,5.0,1.0,1.0,10,23,23,9,19,0.9,0.95,16.349324554390535,1.8165916171545038,0.8604907660205544
9,10.0,1.0,1.0,10,23,23,10,20,1.0,1.0,21.976149652517954,2.1976149652517956,1.0988074826258978
9,20.0,1.0,1.0,10,23,23,10,20,1.0,1.0,21.976149652517954,2.1976149652517956,1.0988074826258978
9,50.0,1.0,1.0,10,23,23,10,20,1.0,1.0,21.976149652517954,2.1976149652517956,1.0988074826258978
10,0.5,1.0,1.0,10,16,16,5,22,0.5,0.6111111111111112,3.221916781023196,0.6443833562046393,0.14645076277378163
10,1.0,1.0,1.0,10,16,16,6,27,0.6,0.75,6.847080319940217,1.1411800533233694,0.25359556740519323
10,2.0,1.0,1.0,10,16,16,9,34,0.9,0.9444444444444444,16.382824419382555,1.8203138243758394,0.4818477770406634
10,5.0,1.0,1.0,10,16,16,10,36,1.0,1.0,21.509985141578145,2.1509985141578145,0.5974995872660596
10,10.0,1.0,1.0,10,16,16,10,36,1.0,1.0,21.509985141578145,2.1509985141578145,0.5974995872660596
10,20.0,1.0,1.0,10,16,16,10,36,1.0,1.0,21.509985141578145,2.1509985141578145,0.5974995872660596
10,50.0,1.0,1.0,10,16,16,10,36,1.0,1.0,21.509985141578145,2.1509985141578145,0.5974995872660596
11,0.5,1.0,1.0,10,18,18,6,20,0.6,0.7407407407407407,3.5152328090308558,0.585872134838476,0.1757616404515428
11,1.0,1.0,1.0,10,18,18,7,23,0.7,0.8518518518518519,6.123563798897237,0.874794828413891,0.2662419042998799
11,2.0,1.0,1.0,10,18,18,7,23,0.7,0.8518518518518519,6.123563798897237,0.874794828413891,0.2662419042998799
11,5.0,1.0,1.0,10,18,18,9,26,0.9,0.9629629629629629,13.47113947125837,1.4967932745842634,0.5181207488945527
11,10.0,1.0,1.0,10,18,18,10,27,1.0,1.0,18.825154936307232,1.8825154936307231,0.6972279606039715
11,20.0,1.0,1.0,10,18,18,10,27,1.0,1.0,18.825154936307232,1.8825154936307231,0.6972279606039715
11,50.0,1.0,1.0,10,18,18,10,27,1.0,1.0,18.825154936307232,1.8825154936307231,0.6972279606039715
12,0.5,1.0,1.0,10,24,24,3,13,0.3,0.5652173913043478,2.7245906969029954,0.9081968989676651,0.2095838997617689
12,1.0,1.0,1.0,10,24,24,5,17,0.5,0.7391304347826086,5.839210045576134,1.1678420091152268,0.3434829438574197
12,2.0,1.0,1.0,10,24,24,6,19,0.6,0.8260869565217391,9.011003865654562,1.5018339776090937,0.4742633613502401
12,5.0,1.0,1.0,10,24,24,9,22,0.9,0.9565217391304348,19.92765908516584,2.2141843427962042,0.9058026856893563
12,10.0,1.0,1.0,10,24,24,10,23,1.0,1.0,27.603000778835163,2.7603000778835165,1.2001304686450072
12,20.0,1.0,1.0,10,24,24,10,23,1.0,1.0,27.603000778835163,2.7603000778835165,1.2001304686450072
12,50.0,1.0,1.0,10,24,24,10,23,1.0,1.0,27.603000778835163,2.7603000778835165,1.2001304686450072
13,0.5,1.0,1.0,10,20,20,4,10,0.4,0.5,3.9258016276164494,0.9814504069041123,0.3925801627616449
13,1.0,1.0,1.0,10,20,20,5,12,0.5,0.6,5.257289490538404,1.0514578981076808,0.43810745754486696
13,2.0,1.0,1.0,10,20,20,8,16,0.8,0.8,10.635388618925067,1.3294235773656333,0.6647117886828167
13,5.0,1.0,1.0,10,20,20,9,18,0.9,0.9,16.516466377964463,1.8351629308849402,0.9175814654424701
13,10.0,1.0,1.0,10,20,20,9,18,0.9,0.9,16.516466377964463,1.8351629308849402,0.9175814654424701
13,20.0,1.0,1.0,10,20,20,9,18,0.9,0.9,16.516466377964463,1.8351629308849402,0.9175814654424701
13,50.0,1.0,1.0,10,20,20,9,18,0.9,0.9,16.516466377964463,1.8351629308849402,0.9175814654424701
14,0.5,1.0,1.0,10,17,17,6,25,0.6,0.6097560975609756,6.526293412706697,1.0877155687844495,0.2610517365082679
14,1.0,1.0,1.0,10,17,17,9,37,0.9,0.9024390243902439,15.294756706489562,1.6994174118321734,0.4133718028780963
14,2.0,1.0,1.0,10,17,17,10,41,1.0,1.0,19.571080911196304,1.9571080911196304,0.47734343685844643
14,5.0,1.0,1.0,10,17,17,10,41,1.0,1.0,19.571080911196304,1.9571080911196304,0.47734343685844643
14,10.0,1.0,1.0,10,17,17,10,41,1.0,1.0,19.571080911196304,1.9571080911196304,0.47734343685844643
14,20.0,1.0,1.0,10,17,17,10,41,1.0,1.0,19.571080911196304,1.9571080911196304,0.47734343685844643
14,50.0,1.0,1.0,10,17,17,10,41,1.0,1.0,19.571080911196304,1.9571080911196304,0.47734343685844643
15,0.5,1.0,1.0,10,19,19,4,13,0.4,0.52,4.2636455395109625,1.0659113848777406,0.3279727338085356
15,1.0,1.0,1.0,10,19,19,6,19,0.6,0.76,8.258536408777578,1.376422734796263,0.4346598109882936
15,2.0,1.0,1.0,10,19,19,8,23,0.8,0.92,14.022585044600376,1.752823130575047,0.609677610634799
15,5.0,1.0,1.0,10,19,19,9,24,0.9,0.96,16.82221115186942,1.8691345724299357,0.7009254646612258
15,10.0,1.0,1.0,10,19,19,10,25,1.0,1.0,23.728926015626385,2.3728926015626386,0.9491570406250553
15,20.0,1.0,1.0,10,19,19,10,25,1.0,1.0,23.728926015626385,2.3728926015626386,0.9491570406250553
15,50.0,1.0,1.0,10,19,19,10,25,1.0,1.0,23.728926015626385,2.3728926015626386,0.9491570406250553
16,0.5,1.0,1.0,10,16,16,2,7,0.2,0.28,2.3261445746865403,1.1630722873432702,0.3323063678123629
16,1.0,1.0,1.0,10,16,16,4,15,0.4,0.6,6.740241860561062,1.6850604651402654,0.44934945737073745
16,2.0,1.0,1.0,10,16,16,7,22,0.7,0.88,16.0034482020569,2.2862068860081286,0.7274294637298592
16,5.0,1.0,1.0,10,16,16,9,24,0.9,0.96,21.29080262674239,2.36564473630471,0.8871167761142663
16,10.0,1.0,1.0,10,16,16,9,24,0.9,0.96,21.29080262674239,2.36564473630471,0.8871167761142663
16,20.0,1.0,1.0,10,16,16,9,24,0.9,0.96,21.29080262674239,2.36564473630471,0.8871167761142663
16,50.0,1.0,1.0,10,16,16,9,24,0.9,0.96,21.29080262674239,2.36564473630471,0.8871167761142663
17,0.5,1.0,1.0,10,22,22,6,25,0.6,0.6944444444444444,8.099510347025205,1.3499183911708676,0.32398041388100823
17,1.0,1.0,1.0,10,22,22,8,32,0.8,0.8888888888888888,11.975707248222033,1.4969634060277541,0.37424085150693853
17,2.0,1.0,1.0,10,22,22,9,34,0.9,0.9444444444444444,13.991684004098953,1.554631556010995,0.41152011776761627
17,5.0,1.0,1.0,10,22,22,10,36,1.0,1.0,19.4878431791453,1.94878431791453,0.5413289771984806
17,10.0,1.0,1.0,10,22,22,10,36,1.0,1.0,19.4878431791453,1.94878431791453,0.5413289771984806
17,20.0,1.0,1.0,10,22,22,10,36,1.0,1.0,19.4878431791453,1.94878431791453,0.5413289771984806
17,50.0,1.0,1.0,10,22,22,10,36,1.0,1.0,19.4878431791453,1.94878431791453,0.5413289771984806
18,0.5,1.0,1.0,10,18,18,6,22,0.6,0.6285714285714286,5.724089459699686,0.9540149099499476,0.2601858845318039
18,1.0,1.0,1.0,10,18,18,9,33,0.9,0.9428571428571428,12.87636337141782,1.4307070412686467,0.39019282943690364
18,2.0,1.0,1.0,10,18,18,9,33,0.9,0.9428571428571428,12.87636337141782,1.4307070412686467,0.39019282943690364
18,5.0,1.0,1.0,10,18,18,10,35,1.0,1.0,18.01391061299843,1.801391061299843,0.5146831603713837
18,10.0,1.0,1.0,10,18,18,10,35,1.0,1.0,18.01391061299843,1.801391061299843,0.5146831603713837
18,20.0,1.0,1.0,10,18,18,10,35,1.0,1.0,18.01391061299843,1.801391061299843,0.5146831603713837
18,50.0,1.0,1.0,10,18,18,10,35,1.0,1.0,18.01391061299843,1.801391061299843,0.5146831603713837
19,0.5,1.0,1.0,10,16,16,4,16,0.4,0.6153846153846154,5.75108314674684,1.43777078668671,0.3594426966716775
19,1.0,1.0,1.0,10,16,16,5,19,0.5,0.7307692307692307,8.690813008407575,1.738162601681515,0.45741121096881976
19,2.0,1.0,1.0,10,16,16,7,23,0.7,0.8846153846153846,14.30773121734836,2.0439616024783374,0.622075270319494
19,5.0,1.0,1.0,10,16,16,9,25,0.9,0.9615384615384616,19.692353667990382,2.188039296443376,0.7876941467196152
19,10.0,1.0,1.0,10,16,16,10,26,1.0,1.0,25.633064812769028,2.5633064812769026,0.9858871081834242
19,20.0,1.0,1.0,10,16,16,10,26,1.0,1.0,25.633064812769028,2.5633064812769026,0.9858871081834242
19,50.0,1.0,1.0,10,16,16,10,26,1.0,1.0,25.633064812769028,2.5633064812769026,0.9858871081834242
20,0.5,1.0,1.0,10,16,16,5,16,0.5,0.6956521739130435,4.318732481529145,0.863746496305829,0.2699207800955716
20,1.0,1.0,1.0,10,16,16,5,16,0.5,0.6956521739130435,4.318732481529145,0.863746496305829,0.2699207800955716
20,2.0,1.0,1.0,10,16,16,7,20,0.7,0.8695652173913043,10.362818531959688,1.4804026474228125,0.5181409265979844
20,5.0,1.0,1.0,10,16,16,9,22,0.9,0.9565217391304348,17.127678388294267,1.9030753764771409,0.7785308358315576
20,10.0,1.0,1.0,10,16,16,10,23,1.0,1.0,23.323005932496404,2.3323005932496406,1.014043736195496
20,20.0,1.0,1.0,10,16,16,10,23,1.0,1.0,23.323005932496404,2.3323005932496406,1.014043736195496
20,50.0,1.0,1.0,10,16,16,10,23,1.0,1.0,23.323005932496404,2.3323005932496406,1.014043736195496
21,0.5,1.0,1.0,10,18,18,5,19,0.5,0.59375,5.02431875164847,1.004863750329694,0.26443782903413
21,1.0,1.0,1.0,10,18,18,7,26,0.7,0.8125,11.164978650643931,1.5949969500919903,0.42942225579399734
21,2.0,1.0,1.0,10,18,18,9,30,0.9,0.9375,16.399822604069612,1.8222025115632903,0.5466607534689871
21,5.0,1.0,1.0,10,18,18,10,32,1.0,1.0,23.903494406136204,2.3903494406136203,0.7469842001917564
21,10.0,1.0,1.0,10,18,18,10,32,1.0,1.0,23.903494406136204,2.3903494406136203,0.7469842001917564
21,20.0,1.0,1.0,10,18,18,10,32,1.0,1.0,23.903494406136204,2.3903494406136203,0.7469842001917564
21,50.0,1.0,1.0,10,18,18,10,32,1.0,1.0,23.903494406136204,2.3903494406136203,0.7469842001917564
22,0.5,1.0,1.0,10,17,17,6,22,0.6,0.6875,6.136031643144824,1.0226719405241373,0.2789105292338556
22,1.0,1.0,1.0,10,17,17,6,25,0.6,0.78125,7.850640029375684,1.3084400048959475,0.31402560117502737
22,2.0,1.0,1.0,10,17,17,8,30,0.8,0.9375,14.986609353380112,1.873326169172514,0.4995536451126704
22,5.0,1.0,1.0,10,17,17,10,32,1.0,1.0,21.853560152611237,2.1853560152611236,0.6829237547691012
22,10.0,1.0,1.0,10,17,17,10,32,1.0,1.0,21.853560152611237,2.1853560152611236,0.6829237547691012
22,20.0,1.0,1.0,10,17,17,10,32,1.0,1.0,21.853560152611237,2.1853560152611236,0.6829237547691012
22,50.0,1.0,1.0,10,17,17,10,32,1.0,1.0,21.853560152611237,2.1853560152611236,0.6829237547691012
23,0.5,1.0,1.0,10,20,20,4,17,0.4,0.5862068965517241,4.17485152535277,1.0437128813381924,0.2455795014913394
23,1.0,1.0,1.0,10,20,20,5,21,0.5,0.7241379310344828,6.344652599334619,1.2689305198669238,0.30212631425402947
23,2.0,1.0,1.0,10,20,20,8,27,0.8,0.9310344827586207,13.432831220881958,1.6791039026102448,0.49751226744007254
23,5.0,1.0,1.0,10,20,20,9,28,0.9,0.9655172413793104,16.20114703282139,1.8001274480912655,0.5786123940293353
23,10.0,1.0,1.0,10,20,20,10,29,1.0,1.0,22.70918905602471,2.270918905602471,0.7830754846905073
23,20.0,1.0,1.0,10,20,20,10,29,1.0,1.0,22.70918905602471,2.270918905602471,0.7830754846905073
23,50.0,1.0,1.0,10,20,20,10,29,1.0,1.0,22.70918905602471,2.270918905602471,0.7830754846905073
24,0.5,1.0,1.0,10,22,22,3,12,0.3,0.4,1.9625478372242553,0.6541826124080851,0.16354565310202127
24,1.0,1.0,1.0,10,22,22,6,21,0.6,0.7,8.10533127406752,1.35088854567792,0.3859681559079772
24,2.0,1.0,1.0,10,22,22,9,28,0.9,0.9333333333333333,18.68156864603774,2.0757298495597487,0.6671988802156336
24,5.0,1.0,1.0,10,22,22,10,30,1.0,1.0,27.467313436894273,2.746731343689427,0.9155771145631424
24,10.0,1.0,1.0,10,22,22,10,30,1.0,1.0,27.467313436894273,2.746731343689427,0.9155771145631424
24,20.0,1.0,1.0,10,22,22,10,30,1.0,1.0,27.467313436894273,2.746731343689427,0.9155771145631424
24,50.0,1.0,1.0,10,22,22,10,30,1.0,1.0,27.467313436894273,2.746731343689427,0.9155771145631424
25,0.5,1.0,1.0,10,16,16,5,22,0.5,0.6875,6.066450685310937,1.2132901370621874,0.2757477584232244
25,1.0,1.0,1.0,10,16,16,6,23,0.6,0.71875,6.973619630895464,1.1622699384825774,0.3032008535171941
25,2.0,1.0,1.0,10,16,16,8,30,0.8,0.9375,15.169747233267842,1.8962184041584802,0.5056582411089281
25,5.0,1.0,1.0,10,16,16,8,30,0.8,0.9375,15.169747233267842,1.8962184041584802,0.5056582411089281
25,10.0,1.0,1.0,10,16,16,9,31,0.9,0.96875,22.29964964277064,2.477738849196738,0.719343536863569
25,20.0,1.0,1.0,10,16,16,9,31,0.9,0.96875,22.29964964277064,2.477738849196738,0.719343536863569
25,50.0,1.0,1.0,10,16,16,9,31,0.9,0.96875,22.29964964277064,2.477738849196738,0.719343536863569
26,0.5,1.0,1.0,10,19,19,4,16,0.4,0.6153846153846154,4.0641315424591475,1.0160328856147869,0.2540082214036967
26,1.0,1.0,1.0,10,19,19,5,17,0.5,0.6538461538461539,5.05855044133253,1.011710088266506,0.2975617906666194
26,2.0,1.0,1.0,10,19,19,8,23,0.8,0.8846153846153846,13.093045196417627,1.6366306495522034,0.5692628346268533
26,5.0,1.0,1.0,10,19,19,9,25,0.9,0.9615384615384616,17.674530909690432,1.9638367677433815,0.7069812363876173
26,10.0,1.0,1.0,10,19,19,10,26,1.0,1.0,24.84780441739571,2.484780441739571,0.9556847852844504
26,20.0,1.0,1.0,10,19,19,10,26,1.0,1.0,24.84780441739571,2.484780441739571,0.9556847852844504
26,50.0,1.0,1.0,10,19,19,10,26,1.0,1.0,24.84780441739571,2.484780441739571,0.9556847852844504
27,0.5,1.0,1.0,10,19,19,6,22,0.6,0.8148148148148148,5.6833422090580115,0.9472237015096686,0.25833373677536414
27,1.0,1.0,1.0,10,19,19,7,24,0.7,0.8888888888888888,7.642562594959065,1.0917946564227237,0.3184401081232944
27,2.0,1.0,1.0,10,19,19,8,25,0.8,0.9259259259259259,9.566186074255581,1.1957732592819477,0.38264744297022324
27,5.0,1.0,1.0,10,19,19,9,26,0.9,0.9629629629629629,12.489251186990636,1.3876945763322928,0.4803558148842552
27,10.0,1.0,1.0,10,19,19,10,27,1.0,1.0,17.633645619160802,1.7633645619160803,0.6530979858948446
27,20.0,1.0,1.0,10,19,19,10,27,1.0,1.0,17.633645619160802,1.7633645619160803,0.6530979858948446
27,50.0,1.0,1.0,10,19,19,10,27,1.0,1.0,17.633645619160802,1.7633645619160803,0.6530979858948446
28,0.5,1.0,1.0,10,21,21,4,13,0.4,0.4482758620689655,3.984849292928662,0.9962123232321655,0.30652686868682016
28,1.0,1.0,1.0,10,21,21,6,21,0.6,0.7241379310344828,8.667002491806661,1.4445004153011103,0.4127144043717458
28,2.0,1.0,1.0,10,21,21,8,27,0.8,0.9310344827586207,16.31014374785622,2.0387679684820275,0.6040793980687489
28,5.0,1.0,1.0,10,21,21,9,28,0.9,0.9655172413793104,20.60254224066358,2.2891713600737313,0.7358050800236994
28,10.0,1.0,1.0,10,21,21,10,29,1.0,1.0,26.271262080956785,2.6271262080956785,0.9059055889985098
28,20.0,1.0,1.0,10,21,21,10,29,1.0,1.0,26.271262080956785,2.6271262080956785,0.9059055889985098
28,50.0,1.0,1.0,10,21,21,10,29,1.0,1.0,26.271262080956785,2.6271262080956785,0.9059055889985098
29,0.5,1.0,1.0,10,24,24,5,23,0.5,0.6388888888888888,6.869802503473362,1.3739605006946722,0.298687065368407
29,1.0,1.0,1.0,10,24,24,7,32,0.7,0.8888888888888888,14.129971308401661,2.018567329771666,0.4415616033875519
29,2.0,1.0,1.0,10,24,24,8,34,0.8,0.9444444444444444,16.369923424927435,2.0462404281159294,0.4814683360272775
29,5.0,1.0,1.0,10,24,24,9,35,0.9,0.9722222222222222,21.105906169837745,2.345100685537527,0.6030258905667927
29,10.0,1.0,1.0,10,24,24,10,36,1.0,1.0,27.54096869867757,2.754096869867757,0.7650269082965991
29,20.0,1.0,1.0,10,24,24,10,36,1.0,1.0,27.54096869867757,2.754096869867757,0.7650269082965991
29,50.0,1.0,1.0,10,24,24,10,36,1.0,1.0,27.54096869867757,2.754096869867757,0.7650269082965991
