scenario,supply_ratio,seed,num_tasks,num_volunteers,total_demand,method,completed_tasks,completed_urgency,completion_rate,urgency_weighted_completion,total_distance_km,distance_per_completed_task,distance_per_completed_urgency
resource_rich,1.3,0,10,26,20,Greedy,10,38,1.0,1.0,21.919401291149786,2.1919401291149785,0.5768263497670997
resource_rich,1.3,0,10,26,20,Optimization,10,38,1.0,1.0,17.084996091117095,1.7084996091117095,0.4496051602925551
resource_rich,1.3,1,10,25,19,Greedy,10,34,1.0,1.0,15.117480261878297,1.5117480261878298,0.4446317724081852
resource_rich,1.3,1,10,25,19,Optimization,10,34,1.0,1.0,14.092331613315647,1.4092331613315647,0.41448034156810726
resource_rich,1.3,2,10,31,24,Greedy,10,33,1.0,1.0,20.706633188145055,2.0706633188145056,0.6274737329740926
resource_rich,1.3,2,10,31,24,Optimization,10,33,1.0,1.0,17.8800836997776,1.78800836997776,0.5418207181750788
resource_rich,1.3,3,10,25,19,Greedy,10,34,1.0,1.0,15.483264616085693,1.5483264616085692,0.45539013576722626
resource_rich,1.3,3,10,25,19,Optimization,10,34,1.0,1.0,15.331585455816068,1.5331585455816068,0.45092898399459025
resource_rich,1.3,4,10,21,16,Greedy,9,29,0.9,0.9666666666666667,15.296206354916556,1.6995784838796173,0.5274553915488468
resource_rich,1.3,4,10,21,16,Optimization,9,29,0.9,0.9666666666666667,13.838318523003322,1.537590947000369,0.47718339734494214
resource_rich,1.3,5,10,18,14,Greedy,9,22,0.9,0.9565217391304348,15.942940072829167,1.7714377858699075,0.7246790942195076
resource_rich,1.3,5,10,18,14,Optimization,10,23,1.0,1.0,15.592618478142827,1.5592618478142826,0.6779399338322968
resource_rich,1.3,6,10,23,18,Greedy,9,31,0.9,0.96875,19.13746098894602,2.126384554327336,0.6173374512563232
resource_rich,1.3,6,10,23,18,Optimization,10,32,1.0,1.0,15.998346345499844,1.5998346345499843,0.4999483232968701
resource_rich,1.3,7,10,21,16,Greedy,10,22,1.0,1.0,21.57515654222377,2.157515654222377,0.980688933737444
resource_rich,1.3,7,10,21,16,Optimization,10,22,1.0,1.0,19.83327317844641,1.9833273178446411,0.9015124172021096
resource_rich,1.3,8,10,31,24,Greedy,10,28,1.0,1.0,20.883600242241407,2.0883600242241407,0.745842865794336
resource_rich,1.3,8,10,31,24,Optimization,10,28,1.0,1.0,17.495475785369763,1.7495475785369763,0.624838420906063
resource_rich,1.3,9,10,30,23,Greedy,10,20,1.0,1.0,18.781233565595155,1.8781233565595155,0.9390616782797577
resource_rich,1.3,9,10,30,23,Optimization,10,20,1.0,1.0,17.48150667978714,1.7481506679787142,0.8740753339893571
resource_rich,1.3,10,10,21,16,Greedy,9,34,0.9,0.9444444444444444,16.17835484684518,1.797594982982798,0.4758339660836818
resource_rich,1.3,10,10,21,16,Optimization,10,36,1.0,1.0,15.237150359930142,1.5237150359930143,0.4232541766647262
resource_rich,1.3,11,10,23,18,Greedy,10,27,1.0,1.0,13.896193479481608,1.3896193479481609,0.5146738325733929
resource_rich,1.3,11,10,23,18,Optimization,10,27,1.0,1.0,12.821805213221682,1.2821805213221682,0.474881674563766
resource_rich,1.3,12,10,31,24,Greedy,10,23,1.0,1.0,23.806185395626517,2.3806185395626516,1.0350515389402835
resource_rich,1.3,12,10,31,24,Optimization,10,23,1.0,1.0,19.927035162451496,1.9927035162451496,0.866392833150065
resource_rich,1.3,13,10,26,20,Greedy,8,17,0.8,0.85,14.235200499624522,1.7794000624530653,0.8373647352720307
resource_rich,1.3,13,10,26,20,Optimization,10,20,1.0,1.0,16.34890136491763,1.634890136491763,0.8174450682458815
resource_rich,1.3,14,10,22,17,Greedy,9,37,0.9,0.9024390243902439,14.335526050333595,1.5928362278148438,0.38744665000901607
resource_rich,1.3,14,10,22,17,Optimization,10,41,1.0,1.0,17.283084865473853,1.7283084865473852,0.42153865525545986
resource_rich,1.3,15,10,25,19,Greedy,10,25,1.0,1.0,19.465493500545943,1.9465493500545943,0.7786197400218378
resource_rich,1.3,15,10,25,19,Optimization,10,25,1.0,1.0,17.150665470472628,1.7150665470472628,0.6860266188189051
resource_rich,1.3,16,10,21,16,Greedy,9,24,0.9,0.96,22.270482309103908,2.4744980343448786,0.9279367628793295
resource_rich,1.3,16,10,21,16,Optimization,10,25,1.0,1.0,20.94274233969892,2.094274233969892,0.8377096935879568
resource_rich,1.3,17,10,29,22,Greedy,10,36,1.0,1.0,19.292772582750107,1.9292772582750106,0.5359103495208363
resource_rich,1.3,17,10,29,22,Optimization,10,36,1.0,1.0,15.234830344979063,1.5234830344979062,0.423189731804974
resource_rich,1.3,18,10,23,18,Greedy,10,35,1.0,1.0,21.272216314634523,2.1272216314634522,0.6077776089895578
resource_rich,1.3,18,10,23,18,Optimization,10,35,1.0,1.0,15.569203479014675,1.5569203479014675,0.444834385114705
resource_rich,1.3,19,10,21,16,Greedy,9,23,0.9,0.8846153846153846,23.68549806069121,2.631722006743468,1.0298042635083136
resource_rich,1.3,19,10,21,16,Optimization,10,26,1.0,1.0,20.1083198801672,2.01083198801672,0.7733969184679693
resource_rich,1.3,20,10,21,16,Greedy,10,23,1.0,1.0,18.886839168799277,1.8886839168799276,0.8211669203825772
resource_rich,1.3,20,10,21,16,Optimization,10,23,1.0,1.0,16.646194974141167,1.6646194974141166,0.7237476075713551
resource_rich,1.3,21,10,23,18,Greedy,10,32,1.0,1.0,19.179671185594813,1.9179671185594813,0.5993647245498379
resource_rich,1.3,21,10,23,18,Optimization,10,32,1.0,1.0,17.178517655881972,1.7178517655881973,0.5368286767463116
resource_rich,1.3,22,10,22,17,Greedy,9,31,0.9,0.96875,13.01407541208621,1.4460083791206901,0.4198088842608455
resource_rich,1.3,22,10,22,17,Optimization,10,32,1.0,1.0,14.290528442307167,1.4290528442307167,0.44657901382209897
resource_rich,1.3,23,10,26,20,Greedy,10,29,1.0,1.0,19.12660327613184,1.912660327613184,0.6595380440045462
resource_rich,1.3,23,10,26,20,Optimization,10,29,1.0,1.0,16.884248824798092,1.6884248824798092,0.5822154767171756
resource_rich,1.3,24,10,29,22,Greedy,10,30,1.0,1.0,21.105174948477167,2.110517494847717,0.7035058316159055
resource_rich,1.3,24,10,29,22,Optimization,10,30,1.0,1.0,19.85410174559172,1.985410174559172,0.661803391519724
resource_rich,1.3,25,10,21,16,Greedy,9,31,0.9,0.96875,17.494409621343962,1.9438232912604403,0.564335794236902
resource_rich,1.3,25,10,21,16,Optimization,10,32,1.0,1.0,18.163521443406808,1.8163521443406807,0.5676100451064627
resource_rich,1.3,26,10,25,19,Greedy,10,26,1.0,1.0,23.872197297323623,2.3872197297323625,0.918161434512447
resource_rich,1.3,26,10,25,19,Optimization,10,26,1.0,1.0,19.30654119781276,1.9306541197812759,0.7425592768389523
resource_rich,1.3,27,10,25,19,Greedy,10,27,1.0,1.0,15.93648394765861,1.593648394765861,0.5902401462095782
resource_rich,1.3,27,10,25,19,Optimization,10,27,1.0,1.0,12.578118639915381,1.257811863991538,0.4658562459227919
resource_rich,1.3,28,10,27,21,Greedy,10,29,1.0,1.0,20.201457523768678,2.0201457523768678,0.6966019835782302
resource_rich,1.3,28,10,27,21,Optimization,10,29,1.0,1.0,17.581672466702074,1.7581672466702074,0.6062645678173129
resource_rich,1.3,29,10,31,24,Greedy,10,36,1.0,1.0,24.254944628727017,2.4254944628727015,0.6737484619090838
resource_rich,1.3,29,10,31,24,Optimization,10,36,1.0,1.0,22.140969576220595,2.2140969576220595,0.6150269326727943
balanced,1.0,0,10,20,20,Greedy,9,37,0.9,0.9736842105263158,25.189014840080887,2.798779426675654,0.680784184867051
balanced,1.0,0,10,20,20,Optimization,10,38,1.0,1.0,22.4476816594389,2.24476816594389,0.5907284647220763
balanced,1.0,1,10,19,19,Greedy,10,34,1.0,1.0,19.66525964710077,1.9665259647100768,0.5783899896206108
balanced,1.0,1,10,19,19,Optimization,10,34,1.0,1.0,17.564979974057177,1.7564979974057178,0.5166170580605052
balanced,1.0,2,10,24,24,Greedy,10,33,1.0,1.0,27.912705459778984,2.7912705459778984,0.845839559387242
balanced,1.0,2,10,24,24,Optimization,10,33,1.0,1.0,23.083354990647543,2.3083354990647544,0.6994956057771983
balanced,1.0,3,10,19,19,Greedy,9,33,0.9,0.9705882352941176,16.54840971190383,1.8387121902115366,0.5014669609667827
balanced,1.0,3,10,19,19,Optimization,10,34,1.0,1.0,20.848932158305647,2.0848932158305646,0.6132038870089896
balanced,1.0,4,10,16,16,Greedy,6,21,0.6,0.7,12.715849014838348,2.1193081691397246,0.605516619754207
balanced,1.0,4,10,16,16,Optimization,8,28,0.8,0.9333333333333333,15.030372811592375,1.878796601449047,0.536799028985442
balanced,1.0,5,10,14,14,Greedy,6,17,0.6,0.7391304347826086,9.918866101358036,1.6531443502263394,0.5834627118445903
balanced,1.0,5,10,14,14,Optimization,10,23,1.0,1.0,24.511985361946863,2.451198536194686,1.0657384939976897
balanced,1.0,6,10,18,18,Greedy,8,30,0.8,0.9375,17.54696555129965,2.193370693912456,0.5848988517099883
balanced,1.0,6,10,18,18,Optimization,10,32,1.0,1.0,18.988717595559557,1.8988717595559557,0.5933974248612361
balanced,1.0,7,10,16,16,Greedy,9,21,0.9,0.9545454545454546,23.919500954650957,2.657722328294551,1.1390238549833789
balanced,1.0,7,10,16,16,Optimization,10,22,1.0,1.0,25.81168101893971,2.581168101893971,1.173258228133623
balanced,1.0,8,10,24,24,Greedy,9,27,0.9,0.9642857142857143,20.312347027988636,2.256927447554293,0.7523091491847643
balanced,1.0,8,10,24,24,Optimization,10,28,1.0,1.0,20.8095148040632,2.08095148040632,0.7431969572879714
balanced,1.0,9,10,23,23,Greedy,10,20,1.0,1.0,27.90956992757485,2.790956992757485,1.3954784963787426
balanced,1.0,9,10,23,23,Optimization,10,20,1.0,1.0,21.976149652517954,2.1976149652517956,1.0988074826258978
balanced,1.0,10,10,16,16,Greedy,8,33,0.8,0.9166666666666666,16.177176310303633,2.022147038787954,0.49021746394859494
balanced,1.0,10,10,16,16,Optimization,10,36,1.0,1.0,21.509985141578145,2.1509985141578145,0.5974995872660596
balanced,1.0,11,10,18,18,Greedy,9,26,0.9,0.9629629629629629,15.081068648703871,1.6756742943004301,0.5800411018732258
balanced,1.0,11,10,18,18,Optimization,10,27,1.0,1.0,18.825154936307232,1.8825154936307231,0.6972279606039715
balanced,1.0,12,10,24,24,Greedy,10,23,1.0,1.0,31.85232890874717,3.185232890874717,1.3848838655977032
balanced,1.0,12,10,24,24,Optimization,10,23,1.0,1.0,27.603000778835163,2.7603000778835165,1.2001304686450072
balanced,1.0,13,10,20,20,Greedy,8,17,0.8,0.85,17.385050891354688,2.173131361419336,1.0226500524326287
balanced,1.0,13,10,20,20,Optimization,9,18,0.9,0.9,16.516466377964463,1.8351629308849402,0.9175814654424701
balanced,1.0,14,10,17,17,Greedy,9,37,0.9,0.9024390243902439,15.971152967820677,1.7745725519800752,0.43165278291407233
balanced,1.0,14,10,17,17,Optimization,10,41,1.0,1.0,19.571080911196304,1.9571080911196304,0.47734343685844643
balanced,1.0,15,10,19,19,Greedy,10,25,1.0,1.0,28.48158884172696,2.848158884172696,1.1392635536690785
balanced,1.0,15,10,19,19,Optimization,10,25,1.0,1.0,23.728926015626385,2.3728926015626386,0.9491570406250553
balanced,1.0,16,10,16,16,Greedy,8,22,0.8,0.88,19.49932509356159,2.437415636695199,0.8863329587982541
balanced,1.0,16,10,16,16,Optimization,9,24,0.9,0.96,21.29080262674239,2.36564473630471,0.8871167761142663
balanced,1.0,17,10,22,22,Greedy,9,34,0.9,0.9444444444444444,21.05974027841139,2.33997114204571,0.6194041258356291
balanced,1.0,17,10,22,22,Optimization,10,36,1.0,1.0,19.4878431791453,1.94878431791453,0.5413289771984806
balanced,1.0,18,10,18,18,Greedy,9,32,0.9,0.9142857142857143,23.2837295822046,2.5870810646894,0.7276165494438938
balanced,1.0,18,10,18,18,Optimization,10,35,1.0,1.0,18.01391061299843,1.801391061299843,0.5146831603713837
balanced,1.0,19,10,16,16,Greedy,8,22,0.8,0.8461538461538461,24.84405954244071,3.105507442805089,1.129275433747305
balanced,1.0,19,10,16,16,Optimization,10,26,1.0,1.0,25.633064812769028,2.5633064812769026,0.9858871081834242
balanced,1.0,20,10,16,16,Greedy,8,21,0.8,0.9130434782608695,13.791167766508805,1.7238959708136006,0.6567222745956574
balanced,1.0,20,10,16,16,Optimization,10,23,1.0,1.0,23.323005932496404,2.3323005932496406,1.014043736195496
balanced,1.0,21,10,18,18,Greedy,9,29,0.9,0.90625,23.75476091102245,2.6394178790024947,0.819129686586981
balanced,1.0,21,10,18,18,Optimization,10,32,1.0,1.0,23.903494406136204,2.3903494406136203,0.7469842001917564
balanced,1.0,22,10,17,17,Greedy,8,29,0.8,0.90625,15.449813242939236,1.9312266553674045,0.5327521807910082
balanced,1.0,22,10,17,17,Optimization,10,32,1.0,1.0,21.853560152611237,2.1853560152611236,0.6829237547691012
balanced,1.0,23,10,20,20,Greedy,8,27,0.8,0.9310344827586207,13.43283122088196,1.679103902610245,0.4975122674400726
balanced,1.0,23,10,20,20,Optimization,10,29,1.0,1.0,22.70918905602471,2.270918905602471,0.7830754846905073
balanced,1.0,24,10,22,22,Greedy,10,30,1.0,1.0,32.71210329280367,3.271210329280367,1.0904034430934557
balanced,1.0,24,10,22,22,Optimization,10,30,1.0,1.0,27.467313436894273,2.746731343689427,0.9155771145631424
balanced,1.0,25,10,16,16,Greedy,8,29,0.8,0.90625,25.036759088183153,3.129594886022894,0.8633365202821777
balanced,1.0,25,10,16,16,Optimization,9,31,0.9,0.96875,22.29964964277064,2.477738849196738,0.719343536863569
balanced,1.0,26,10,19,19,Greedy,10,26,1.0,1.0,31.074017957816906,3.1074017957816906,1.1951545368391119
balanced,1.0,26,10,19,19,Optimization,10,26,1.0,1.0,24.84780441739571,2.484780441739571,0.9556847852844504
balanced,1.0,27,10,19,19,Greedy,8,25,0.8,0.9259259259259259,10.841829412570956,1.3552286765713695,0.4336731765028382
balanced,1.0,27,10,19,19,Optimization,10,27,1.0,1.0,17.633645619160802,1.7633645619160803,0.6530979858948446
balanced,1.0,28,10,21,21,Greedy,9,28,0.9,0.9655172413793104,23.360427171022902,2.5956030190025445,0.8343009703936751
balanced,1.0,28,10,21,21,Optimization,10,29,1.0,1.0,26.271262080956785,2.6271262080956785,0.9059055889985098
balanced,1.0,29,10,24,24,Greedy,10,36,1.0,1.0,30.734164638336015,3.0734164638336017,0.8537267955093337
balanced,1.0,29,10,24,24,Optimization,10,36,1.0,1.0,27.54096869867757,2.754096869867757,0.7650269082965991
resource_scarce,0.7,0,10,14,20,Greedy,6,27,0.6,0.7105263157894737,11.29012169904513,1.881686949840855,0.41815265552019
resource_scarce,0.7,0,10,14,20,Optimization,8,35,0.8,0.9210526315789473,24.053775079025524,3.0067218848781905,0.6872507165435864
resource_scarce,0.7,1,10,13,19,Greedy,7,30,0.7,0.8823529411764706,17.03404403199342,2.4334348617133457,0.567801467733114
resource_scarce,0.7,1,10,13,19,Optimization,7,30,0.7,0.8823529411764706,15.54037099578104,2.2200529993972915,0.5180123665260347
resource_scarce,0.7,2,10,17,24,Greedy,7,28,0.7,0.8484848484848485,25.813981111109108,3.687711587301301,0.9219278968253253
resource_scarce,0.7,2,10,17,24,Optimization,7,28,0.7,0.8484848484848485,15.041832573546731,2.1488332247923903,0.5372083061980976
resource_scarce,0.7,3,10,13,19,Greedy,6,24,0.6,0.7058823529411765,17.26878416774135,2.8781306946235587,0.7195326736558897
resource_scarce,0.7,3,10,13,19,Optimization,7,27,0.7,0.7941176470588235,13.459681695271767,1.9228116707531095,0.4985067294545099
resource_scarce,0.7,4,10,11,16,Greedy,4,18,0.4,0.6,7.351164258153674,1.8377910645384186,0.4083980143418708
resource_scarce,0.7,4,10,11,16,Optimization,7,27,0.7,0.9,13.291844372399835,1.8988349103428335,0.492290532311105
resource_scarce,0.7,5,10,10,14,Greedy,5,15,0.5,0.6521739130434783,10.469436078573848,2.0938872157147697,0.6979624052382565
resource_scarce,0.7,5,10,10,14,Optimization,7,19,0.7,0.8260869565217391,20.923004509072182,2.989000644153169,1.101210763635378
resource_scarce,0.7,6,10,13,18,Greedy,7,28,0.7,0.875,13.20920958509113,1.8870299407273043,0.4717574851818261
resource_scarce,0.7,6,10,13,18,Optimization,7,28,0.7,0.875,12.247892294472402,1.7496988992103433,0.4374247248025858
resource_scarce,0.7,7,10,11,16,Greedy,7,18,0.7,0.8181818181818182,20.32216043382571,2.903165776260816,1.1290089129903174
resource_scarce,0.7,7,10,11,16,Optimization,8,20,0.8,0.9090909090909091,17.35648440934851,2.169560551168564,0.8678242204674256
resource_scarce,0.7,8,10,17,24,Greedy,7,24,0.7,0.8571428571428571,17.019774747184883,2.431396392454983,0.7091572811327035
resource_scarce,0.7,8,10,17,24,Optimization,7,24,0.7,0.8571428571428571,16.469776342512525,2.3528251917875034,0.6862406809380218
resource_scarce,0.7,9,10,16,23,Greedy,7,17,0.7,0.85,21.495787313926105,3.070826759132301,1.2644580772897709
resource_scarce,0.7,9,10,16,23,Optimization,7,17,0.7,0.85,13.510432039785337,1.930061719969334,0.794731296457961
resource_scarce,0.7,10,10,11,16,Greedy,7,30,0.7,0.8333333333333334,14.257878223824264,2.036839746260609,0.4752626074608088
resource_scarce,0.7,10,10,11,16,Optimization,8,32,0.8,0.8888888888888888,17.06685297969834,2.1333566224622924,0.5333391556155731
resource_scarce,0.7,11,10,13,18,Greedy,7,24,0.7,0.8888888888888888,17.00927429947923,2.429896328497033,0.7087197624783013
resource_scarce,0.7,11,10,13,18,Optimization,8,25,0.8,0.9259259259259259,12.081704536161102,1.5102130670201377,0.48326818144644407
resource_scarce,0.7,12,10,17,24,Greedy,7,20,0.7,0.8695652173913043,18.45113481446524,2.635876402066463,0.9225567407232621
resource_scarce,0.7,12,10,17,24,Optimization,7,20,0.7,0.8695652173913043,13.878477576630752,1.982639653804393,0.6939238788315376
resource_scarce,0.7,13,10,14,20,Greedy,6,15,0.6,0.75,20.530172132293888,3.421695355382315,1.368678142152926
resource_scarce,0.7,13,10,14,20,Optimization,7,15,0.7,0.75,13.798049670845732,1.9711499529779617,0.9198699780563822
resource_scarce,0.7,14,10,12,17,Greedy,6,27,0.6,0.6585365853658537,20.479658450124262,3.4132764083540437,0.7585058685231209
resource_scarce,0.7,14,10,12,17,Optimization,8,33,0.8,0.8048780487804879,14.138853482451301,1.7673566853064127,0.4284501055288273
resource_scarce,0.7,15,10,13,19,Greedy,7,21,0.7,0.84,13.950938885867846,1.9929912694096923,0.6643304231365641
resource_scarce,0.7,15,10,13,19,Optimization,7,21,0.7,0.84,12.192925637368267,1.7418465196240382,0.5806155065413461
resource_scarce,0.7,16,10,11,16,Greedy,5,16,0.5,0.64,10.579086362739114,2.115817272547823,0.6611928976711946
resource_scarce,0.7,16,10,11,16,Optimization,7,20,0.7,0.8,18.12474602387517,2.589249431982167,0.9062373011937584
resource_scarce,0.7,17,10,15,22,Greedy,5,22,0.5,0.6111111111111112,12.658495548066098,2.5316991096132195,0.5753861612757317
resource_scarce,0.7,17,10,15,22,Optimization,7,28,0.7,0.7777777777777778,14.386716761921273,2.055245251703039,0.5138113129257598
resource_scarce,0.7,18,10,13,18,Greedy,7,28,0.7,0.8,19.520159643073104,2.7885942347247292,0.6971485586811823
resource_scarce,0.7,18,10,13,18,Optimization,8,30,0.8,0.8571428571428571,14.188590753838282,1.7735738442297853,0.47295302512794274
resource_scarce,0.7,19,10,11,16,Greedy,6,20,0.6,0.7692307692307693,20.356979050971724,3.3928298418286205,1.017848952548586
resource_scarce,0.7,19,10,11,16,Optimization,8,24,0.8,0.9230769230769231,20.14762616879829,2.5184532710997862,0.8394844236999287
resource_scarce,0.7,20,10,11,16,Greedy,5,15,0.5,0.6521739130434783,8.056742176700636,1.6113484353401273,0.5371161451133758
resource_scarce,0.7,20,10,11,16,Optimization,6,18,0.6,0.782608695652174,10.549222770878227,1.7582037951463712,0.5860679317154571
resource_scarce,0.7,21,10,13,18,Greedy,7,26,0.7,0.8125,20.567276899331063,2.938182414190152,0.7910491115127332
resource_scarce,0.7,21,10,13,18,Optimization,8,27,0.8,0.84375,21.275002183243416,2.659375272905427,0.7879630438238302
resource_scarce,0.7,22,10,12,17,Greedy,7,28,0.7,0.875,19.578523046912,2.7969318638445713,0.6992329659611428
resource_scarce,0.7,22,10,12,17,Optimization,7,28,0.7,0.875,19.044361571606586,2.7206230816580836,0.6801557704145209
resource_scarce,0.7,23,10,14,20,Greedy,7,26,0.7,0.896551724137931,17.230784889484795,2.461540698497828,0.6627224957494152
resource_scarce,0.7,23,10,14,20,Optimization,7,26,0.7,0.896551724137931,16.705744666729704,2.3865349523899577,0.6425286410280655
resource_scarce,0.7,24,10,15,22,Greedy,7,24,0.7,0.8,16.357287164545497,2.336755309220785,0.6815536318560623
resource_scarce,0.7,24,10,15,22,Optimization,7,24,0.7,0.8,15.598786363503006,2.228398051929001,0.6499494318126252
resource_scarce,0.7,25,10,11,16,Greedy,7,26,0.7,0.8125,18.06147111487333,2.5802101592676188,0.6946719659566666
resource_scarce,0.7,25,10,11,16,Optimization,7,29,0.7,0.90625,20.81923466426255,2.9741763806089354,0.7179046435952603
resource_scarce,0.7,26,10,13,19,Greedy,7,22,0.7,0.8461538461538461,21.517196131217013,3.0738851616024303,0.9780543696007733
resource_scarce,0.7,26,10,13,19,Optimization,8,24,0.8,0.9230769230769231,24.677449123750307,3.0846811404687884,1.0282270468229295
resource_scarce,0.7,27,10,13,19,Greedy,6,22,0.6,0.8148148148148148,11.163255961680507,1.8605426602800845,0.5074207255309321
resource_scarce,0.7,27,10,13,19,Optimization,7,24,0.7,0.8888888888888888,14.140780161831485,2.020111451690212,0.5891991734096452
resource_scarce,0.7,28,10,15,21,Greedy,6,23,0.6,0.7931034482758621,19.42165589105231,3.2369426485087183,0.8444198213501004
resource_scarce,0.7,28,10,15,21,Optimization,7,25,0.7,0.8620689655172413,20.172412072672902,2.881773153238986,0.8068964829069161
resource_scarce,0.7,29,10,17,24,Greedy,7,30,0.7,0.8333333333333334,22.0741983930682,3.1534569132954573,0.7358066131022734
resource_scarce,0.7,29,10,17,24,Optimization,7,32,0.7,0.8888888888888888,17.847638316912203,2.549662616701743,0.5577386974035063
